{"cameraMode":{"drawMode":0,"name":"Shaded","section":"Shading Mode"},"sceneLighting":false,"audioPlay":false,"sceneViewState":{"showFog":true,"showMaterialUpdate":false,"showSkybox":true,"showFlares":true,"showImageEffects":true,"showParticleSystems":true},"in2DMode":false,"pivot":{"x":504.21124267578127,"y":195.20614624023438,"z":22.5699462890625},"rotation":{"x":0.008999865502119065,"y":0.0014999371487647296,"z":-0.000013499835404218175,"w":0.9999580383300781},"size":191.12808227539063,"orthographic":true}